{"info/num_env_steps_sampled": 4256000, "info/num_env_steps_trained": 4256000, "info/num_agent_steps_sampled": 17024000, "info/num_agent_steps_trained": 17024000, "stats/episode_reward_max": 313.53052234108696, "stats/episode_reward_min": 49.46507237256102, "stats/episode_reward_mean": 93.6683448709873, "stats/episode_len_mean": 11999.0, "stats/episodes_this_iter": 0, "stats/num_faulty_episodes": 0, "stats/num_healthy_workers": 2, "stats/num_in_flight_async_reqs": 0, "stats/num_remote_worker_restarts": 2, "stats/num_agent_steps_sampled": 17024000, "stats/num_agent_steps_trained": 17024000, "stats/num_env_steps_sampled": 4256000, "stats/num_env_steps_trained": 4256000, "stats/num_env_steps_sampled_this_iter": 0, "stats/num_env_steps_trained_this_iter": 0, "stats/timesteps_total": 4256000, "stats/num_steps_trained_this_iter": 0, "stats/agent_timesteps_total": 17024000, "stats/done": false, "stats/episodes_total": 354, "stats/training_iteration": 1065, "stats/trial_id": "default", "stats/experiment_id": "14385e95ac344752930dcf8486be3674", "stats/date": "2023-04-20_16-43-41", "stats/timestamp": 1682023421, "stats/time_this_iter_s": 47.72626519203186, "stats/time_total_s": 59770.950202703476, "stats/pid": 3085663, "stats/hostname": "christine-HP-Spectre-x360-Convertible-13-ap0xxx", "stats/node_ip": "10.9.2.94", "stats/time_since_restore": 59770.950202703476, "stats/timesteps_since_restore": 0, "stats/iterations_since_restore": 1065, "stats/warmup_time": 7.898776054382324, "learner_agent_B/allreduce_latency": 0.0, "learner_agent_B/grad_gnorm": 20.945988051593304, "learner_agent_B/cur_kl_coeff": 2.3188700841424597, "learner_agent_B/cur_lr": 5.0000000000000016e-05, "learner_agent_B/total_loss": -0.019415261455287693, "learner_agent_B/policy_loss": -0.03608891459395333, "learner_agent_B/vf_loss": 0.001996751827012607, "learner_agent_B/vf_explained_var": 0.10748278566946586, "learner_agent_B/kl": 0.006329333330314015, "learner_agent_B/entropy": -0.20883330575112874, "learner_agent_B/entropy_coeff": 0.0, "learner_agent_A/allreduce_latency": 0.0, "learner_agent_A/grad_gnorm": 37.578915080428125, "learner_agent_A/cur_kl_coeff": 3.0438493288997983, "learner_agent_A/cur_lr": 5.0000000000000016e-05, "learner_agent_A/total_loss": -0.026392971041301887, "learner_agent_A/policy_loss": -0.05717176750088886, "learner_agent_A/vf_loss": 0.003958916344223932, "learner_agent_A/vf_explained_var": 0.06469272660712401, "learner_agent_A/kl": 0.008811172252171968, "learner_agent_A/entropy": -1.2200951001917322, "learner_agent_A/entropy_coeff": 0.0, "learner_agent_D/allreduce_latency": 0.0, "learner_agent_D/grad_gnorm": 38.1928070773681, "learner_agent_D/cur_kl_coeff": 3.615065990981863, "learner_agent_D/cur_lr": 5.0000000000000016e-05, "learner_agent_D/total_loss": -0.005877903185561687, "learner_agent_D/policy_loss": -0.03329899230690595, "learner_agent_D/vf_loss": 0.007291010875117839, "learner_agent_D/vf_explained_var": -0.008454419175783793, "learner_agent_D/kl": 0.00556838462140791, "learner_agent_D/entropy": -1.3255875655760367, "learner_agent_D/entropy_coeff": 0.0, "learner_agent_C/allreduce_latency": 0.0, "learner_agent_C/grad_gnorm": 19.13685271690289, "learner_agent_C/cur_kl_coeff": 2.146739326922824, "learner_agent_C/cur_lr": 5.0000000000000016e-05, "learner_agent_C/total_loss": -0.017932829214259982, "learner_agent_C/policy_loss": -0.03196663421743627, "learner_agent_C/vf_loss": 0.00019599034713640623, "learner_agent_C/vf_explained_var": -0.17882938782374064, "learner_agent_C/kl": 0.006445968904821623, "learner_agent_C/entropy": 3.19818720916907, "learner_agent_C/entropy_coeff": 0.0, "checkpoint": "/home/christine/trained_models/checkpoint_001061", "_timestamp": 1682023421.9624808, "_runtime": 59826.719042778015, "_step": 1064, "_wandb": {"runtime": 59836}}